filename	sample_id	sample_type
20240307_EB_dbgi_001195_01_01.mzML	dbgi_001195_01_01	sample
20240307_EB_dbgi_001199_01_01.mzML	dbgi_001199_01_01	sample
20240307_EB_dbgi_001213_01_01.mzML	dbgi_001213_01_01	sample
20240307_EB_dbgi_001215_01_01.mzML	dbgi_001215_01_01	sample
20240307_EB_dbgi_001764_01_01.mzML	dbgi_001764_01_01	sample
20240307_EB_dbgi_001773_01_01.mzML	dbgi_001773_01_01	sample
20240307_EB_dbgi_001774_01_01.mzML	dbgi_001774_01_01	sample
20240307_EB_dbgi_001777_01_01.mzML	dbgi_001777_01_01	sample
20240307_EB_dbgi_001781_01_01.mzML	dbgi_001781_01_01	sample
20240307_EB_dbgi_001788_01_01.mzML	dbgi_001788_01_01	sample
20240307_EB_dbgi_001799_01_01.mzML	dbgi_001799_01_01	sample
20240307_EB_dbgi_001804_01_01.mzML	dbgi_001804_01_01	sample
20240307_EB_dbgi_001805_01_01.mzML	dbgi_001805_01_01	sample
20240307_EB_dbgi_001809_01_01.mzML	dbgi_001809_01_01	sample
20240307_EB_dbgi_001823_01_01.mzML	dbgi_001823_01_01	sample
20240307_EB_dbgi_001827_01_01.mzML	dbgi_001827_01_01	sample
20240307_EB_dbgi_001828_01_01.mzML	dbgi_001828_01_01	sample
20240307_EB_dbgi_001836_01_01.mzML	dbgi_001836_01_01	sample
20240307_EB_dbgi_001837_01_01.mzML	dbgi_001837_01_01	sample
20240307_EB_dbgi_001838_01_01.mzML	dbgi_001838_01_01	sample
20240307_EB_dbgi_001841_01_01.mzML	dbgi_001841_01_01	sample
20240307_EB_dbgi_001848_01_01.mzML	dbgi_001848_01_01	sample
20240307_EB_dbgi_001857_01_01.mzML	dbgi_001857_01_01	sample
20240307_EB_dbgi_001858_01_01.mzML	dbgi_001858_01_01	sample
20240307_EB_dbgi_001859_01_01.mzML	dbgi_001859_01_01	sample
20240307_EB_dbgi_001860_01_01.mzML	dbgi_001860_01_01	sample
20240307_EB_dbgi_001861_01_01.mzML	dbgi_001861_01_01	sample
20240307_EB_dbgi_001862_01_01.mzML	dbgi_001862_01_01	sample
20240307_EB_dbgi_001863_01_01.mzML	dbgi_001863_01_01	sample
20240307_EB_dbgi_001867_01_01.mzML	dbgi_001867_01_01	sample
20240307_EB_dbgi_001869_01_01.mzML	dbgi_001869_01_01	sample
20240307_EB_dbgi_001870_01_01.mzML	dbgi_001870_01_01	sample
20240307_EB_dbgi_001873_01_01.mzML	dbgi_001873_01_01	sample
20240307_EB_dbgi_001875_01_01.mzML	dbgi_001875_01_01	sample
20240307_EB_dbgi_001884_01_01.mzML	dbgi_001884_01_01	sample
20240307_EB_dbgi_001893_01_01.mzML	dbgi_001893_01_01	sample
20240307_EB_dbgi_001894_01_01.mzML	dbgi_001894_01_01	sample
20240307_EB_dbgi_001895_01_01.mzML	dbgi_001895_01_01	sample
20240307_EB_dbgi_001910_01_01.mzML	dbgi_001910_01_01	sample
20240307_EB_dbgi_001912_01_01.mzML	dbgi_001912_01_01	sample
20240307_EB_dbgi_001915_01_01.mzML	dbgi_001915_01_01	sample
20240307_EB_dbgi_001922_01_01.mzML	dbgi_001922_01_01	sample
20240307_EB_dbgi_001928_01_01.mzML	dbgi_001928_01_01	sample
20240307_EB_dbgi_001935_01_01.mzML	dbgi_001935_01_01	sample
20240307_EB_dbgi_002240_01_01.mzML	dbgi_002240_01_01	sample
20240307_EB_dbgi_002246_01_01.mzML	dbgi_002246_01_01	sample
20240307_EB_dbgi_002247_01_01.mzML	dbgi_002247_01_01	sample
20240307_EB_dbgi_002250_01_01.mzML	dbgi_002250_01_01	sample
20240307_EB_dbgi_002253_01_01.mzML	dbgi_002253_01_01	sample
20240307_EB_dbgi_002265_01_01.mzML	dbgi_002265_01_01	sample
20240307_EB_dbgi_002272_01_01.mzML	dbgi_002272_01_01	sample
20240307_EB_dbgi_002275_01_01.mzML	dbgi_002275_01_01	sample
20240307_EB_dbgi_002277_01_01.mzML	dbgi_002277_01_01	sample
20240307_EB_dbgi_002279_01_01.mzML	dbgi_002279_01_01	sample
20240307_EB_dbgi_002288_01_01.mzML	dbgi_002288_01_01	sample
20240307_EB_dbgi_002294_01_01.mzML	dbgi_002294_01_01	sample
20240307_EB_dbgi_002312_01_01.mzML	dbgi_002312_01_01	sample
20240307_EB_dbgi_002321_01_01.mzML	dbgi_002321_01_01	sample
20240307_EB_dbgi_002332_01_01.mzML	dbgi_002332_01_01	sample
20240307_EB_dbgi_002335_01_01.mzML	dbgi_002335_01_01	sample
20240307_EB_dbgi_002338_01_01.mzML	dbgi_002338_01_01	sample
20240307_EB_dbgi_002356_01_01.mzML	dbgi_002356_01_01	sample
20240307_EB_dbgi_002359_01_01.mzML	dbgi_002359_01_01	sample
20240307_EB_dbgi_002365_01_01.mzML	dbgi_002365_01_01	sample
20240307_EB_dbgi_002374_01_01.mzML	dbgi_002374_01_01	sample
20240307_EB_dbgi_002375_01_01.mzML	dbgi_002375_01_01	sample
20240307_EB_dbgi_002385_01_01.mzML	dbgi_002385_01_01	sample
20240307_EB_dbgi_002388_01_01.mzML	dbgi_002388_01_01	sample
20240307_EB_dbgi_002390_01_01.mzML	dbgi_002390_01_01	sample
20240307_EB_dbgi_002425_01_01.mzML	dbgi_002425_01_01	sample
20240307_EB_dbgi_002429_01_01.mzML	dbgi_002429_01_01	sample
20240307_EB_dbgi_002433_01_01.mzML	dbgi_002433_01_01	sample
20240307_EB_dbgi_002437_01_01.mzML	dbgi_002437_01_01	sample
20240307_EB_dbgi_002443_01_01.mzML	dbgi_002443_01_01	sample
20240307_EB_dbgi_002452_01_01.mzML	dbgi_002452_01_01	sample
20240307_EB_dbgi_002454_01_01.mzML	dbgi_002454_01_01	sample
20240307_EB_dbgi_002469_01_01.mzML	dbgi_002469_01_01	sample
20240307_EB_dbgi_002478_01_01.mzML	dbgi_002478_01_01	sample
20240307_EB_dbgi_002482_01_01.mzML	dbgi_002482_01_01	sample
20240307_EB_dbgi_002483_01_01.mzML	dbgi_002483_01_01	sample
20240307_EB_dbgi_002487_01_01.mzML	dbgi_002487_01_01	sample
20240307_EB_dbgi_002489_01_01.mzML	dbgi_002489_01_01	sample
20240307_EB_dbgi_002493_01_01.mzML	dbgi_002493_01_01	sample
20240307_EB_dbgi_002496_01_01.mzML	dbgi_002496_01_01	sample
20240307_EB_dbgi_002498_01_01.mzML	dbgi_002498_01_01	sample
20240307_EB_dbgi_002501_01_01.mzML	dbgi_002501_01_01	sample
20240307_EB_dbgi_002509_01_01.mzML	dbgi_002509_01_01	sample
20240307_EB_dbgi_002519_01_01.mzML	dbgi_002519_01_01	sample
20240307_EB_dbgi_002521_01_01.mzML	dbgi_002521_01_01	sample
20240307_EB_dbgi_002523_01_01.mzML	dbgi_002523_01_01	sample
20240307_EB_dbgi_002532_01_01.mzML	dbgi_002532_01_01	sample
20240307_EB_dbgi_002536_01_01.mzML	dbgi_002536_01_01	sample
20240307_EB_dbgi_002542_01_01.mzML	dbgi_002542_01_01	sample
20240307_EB_dbgi_002543_01_01.mzML	dbgi_002543_01_01	sample
20240307_EB_dbgi_002566_01_01.mzML	dbgi_002566_01_01	sample
20240307_EB_dbgi_002592_01_01.mzML	dbgi_002592_01_01	sample
20240307_EB_dbgi_002600_01_01.mzML	dbgi_002600_01_01	sample
20240307_EB_dbgi_002603_01_01.mzML	dbgi_002603_01_01	sample
20240307_EB_dbgi_002606_01_01.mzML	dbgi_002606_01_01	sample
20240307_EB_dbgi_002607_01_01.mzML	dbgi_002607_01_01	sample
20240307_EB_dbgi_002613_01_01.mzML	dbgi_002613_01_01	sample
20240307_EB_dbgi_002618_01_01.mzML	dbgi_002618_01_01	sample
20240307_EB_dbgi_002622_01_01.mzML	dbgi_002622_01_01	sample
20240307_EB_dbgi_002623_01_01.mzML	dbgi_002623_01_01	sample
20240307_EB_dbgi_002624_01_01.mzML	dbgi_002624_01_01	sample
20240307_EB_dbgi_002628_01_01.mzML	dbgi_002628_01_01	sample
20240307_EB_dbgi_002635_01_01.mzML	dbgi_002635_01_01	sample
20240307_EB_dbgi_002636_01_01.mzML	dbgi_002636_01_01	sample
20240307_EB_dbgi_002641_01_01.mzML	dbgi_002641_01_01	sample
20240307_EB_dbgi_002642_01_01.mzML	dbgi_002642_01_01	sample
20240307_EB_dbgi_002643_01_01.mzML	dbgi_002643_01_01	sample
20240307_EB_dbgi_002645_01_01.mzML	dbgi_002645_01_01	sample
20240307_EB_dbgi_002648_01_01.mzML	dbgi_002648_01_01	sample
20240307_EB_dbgi_002650_01_01.mzML	dbgi_002650_01_01	sample
20240307_EB_dbgi_002652_01_01.mzML	dbgi_002652_01_01	sample
20240307_EB_dbgi_002653_01_01.mzML	dbgi_002653_01_01	sample
20240307_EB_dbgi_002660_01_01.mzML	dbgi_002660_01_01	sample
20240307_EB_dbgi_002661_01_01.mzML	dbgi_002661_01_01	sample
20240307_EB_dbgi_002665_01_01.mzML	dbgi_002665_01_01	sample
20240307_EB_dbgi_002666_01_01.mzML	dbgi_002666_01_01	sample
20240307_EB_dbgi_002671_01_01.mzML	dbgi_002671_01_01	sample
20240307_EB_dbgi_002677_01_01.mzML	dbgi_002677_01_01	sample
20240307_EB_dbgi_002690_01_01.mzML	dbgi_002690_01_01	sample
20240307_EB_dbgi_002693_01_01.mzML	dbgi_002693_01_01	sample
20240307_EB_dbgi_002698_01_01.mzML	dbgi_002698_01_01	sample
20240307_EB_dbgi_002699_01_01.mzML	dbgi_002699_01_01	sample
20240307_EB_dbgi_002702_01_01.mzML	dbgi_002702_01_01	sample
20240307_EB_dbgi_002704_01_01.mzML	dbgi_002704_01_01	sample
20240307_EB_dbgi_002715_01_01.mzML	dbgi_002715_01_01	sample
20240307_EB_dbgi_002725_01_01.mzML	dbgi_002725_01_01	sample
20240307_EB_dbgi_002727_01_01.mzML	dbgi_002727_01_01	sample
20240307_EB_dbgi_002728_01_01.mzML	dbgi_002728_01_01	sample
20240307_EB_dbgi_002729_01_01.mzML	dbgi_002729_01_01	sample
20240307_EB_dbgi_002732_01_01.mzML	dbgi_002732_01_01	sample
20240307_EB_dbgi_002733_01_01.mzML	dbgi_002733_01_01	sample
20240307_EB_dbgi_002743_01_01.mzML	dbgi_002743_01_01	sample
20240307_EB_dbgi_002747_01_01.mzML	dbgi_002747_01_01	sample
20240307_EB_dbgi_002959_01_01.mzML	dbgi_002959_01_01	sample
20240307_EB_dbgi_002962_01_01.mzML	dbgi_002962_01_01	sample
20240307_EB_dbgi_002972_01_01.mzML	dbgi_002972_01_01	sample
20240307_EB_dbgi_002975_01_01.mzML	dbgi_002975_01_01	sample
20240307_EB_dbgi_002990_01_01.mzML	dbgi_002990_01_01	sample
20240307_EB_dbgi_003010_01_01.mzML	dbgi_003010_01_01	sample
20240307_EB_dbgi_003011_01_01.mzML	dbgi_003011_01_01	sample
20240307_EB_dbgi_003013_01_01.mzML	dbgi_003013_01_01	sample
20240307_EB_dbgi_003016_01_01.mzML	dbgi_003016_01_01	sample
20240307_EB_dbgi_003021_01_01.mzML	dbgi_003021_01_01	sample
20240307_EB_dbgi_003029_01_01.mzML	dbgi_003029_01_01	sample
20240307_EB_dbgi_003030_01_01.mzML	dbgi_003030_01_01	sample
20240307_EB_dbgi_003035_01_01.mzML	dbgi_003035_01_01	sample
20240307_EB_dbgi_003036_01_01.mzML	dbgi_003036_01_01	sample
20240307_EB_dbgi_003039_01_01.mzML	dbgi_003039_01_01	sample
20240307_EB_dbgi_003040_01_01.mzML	dbgi_003040_01_01	sample
20240307_EB_dbgi_003043_01_01.mzML	dbgi_003043_01_01	sample
20240307_EB_dbgi_003045_01_01.mzML	dbgi_003045_01_01	sample
20240307_EB_dbgi_003046_01_01.mzML	dbgi_003046_01_01	sample
20240307_EB_dbgi_003049_01_01.mzML	dbgi_003049_01_01	sample
20240307_EB_dbgi_003050_01_01.mzML	dbgi_003050_01_01	sample
20240307_EB_dbgi_003051_01_01.mzML	dbgi_003051_01_01	sample
20240307_EB_dbgi_003056_01_01.mzML	dbgi_003056_01_01	sample
20240307_EB_dbgi_003058_01_01.mzML	dbgi_003058_01_01	sample
20240307_EB_dbgi_batch_blk_000005_01.mzML	dbgi_batch_blk_000005_01	blank
20240405_EB_dbgi_001189_01_01_100mm_C18_15min_DDA_ELON_pos.mzML	dbgi_001189_01_01	sample
20240405_EB_dbgi_001191_01_01_100mm_C18_15min_DDA_ELON_pos.mzML	dbgi_001191_01_01	sample
20240405_EB_dbgi_001201_01_01_100mm_C18_15min_DDA_ELON_pos.mzML	dbgi_001201_01_01	sample
20240405_EB_dbgi_001778_01_01_100mm_C18_15min_DDA_ELON_pos.mzML	dbgi_001778_01_01	sample
20240405_EB_dbgi_001793_01_01_100mm_C18_15min_DDA_ELON_pos.mzML	dbgi_001793_01_01	sample
20240405_EB_dbgi_001797_01_01_100mm_C18_15min_DDA_ELON_pos.mzML	dbgi_001797_01_01	sample
20240405_EB_dbgi_001798_01_01_100mm_C18_15min_DDA_ELON_pos.mzML	dbgi_001798_01_01	sample
20240405_EB_dbgi_001812_01_01_100mm_C18_15min_DDA_ELON_pos.mzML	dbgi_001812_01_01	sample
20240405_EB_dbgi_001825_01_01_100mm_C18_15min_DDA_ELON_pos.mzML	dbgi_001825_01_01	sample
20240405_EB_dbgi_001832_01_01_100mm_C18_15min_DDA_ELON_pos.mzML	dbgi_001832_01_01	sample
20240405_EB_dbgi_001842_01_01_100mm_C18_15min_DDA_ELON_pos.mzML	dbgi_001842_01_01	sample
20240405_EB_dbgi_001846_01_01_100mm_C18_15min_DDA_ELON_pos.mzML	dbgi_001846_01_01	sample
20240405_EB_dbgi_001855_01_01_100mm_C18_15min_DDA_ELON_pos.mzML	dbgi_001855_01_01	sample
20240405_EB_dbgi_001866_01_01_100mm_C18_15min_DDA_ELON_pos.mzML	dbgi_001866_01_01	sample
20240405_EB_dbgi_001880_01_01_100mm_C18_15min_DDA_ELON_pos.mzML	dbgi_001880_01_01	sample
20240405_EB_dbgi_001889_01_01_100mm_C18_15min_DDA_ELON_pos.mzML	dbgi_001889_01_01	sample
20240405_EB_dbgi_001890_01_01_100mm_C18_15min_DDA_ELON_pos.mzML	dbgi_001890_01_01	sample
20240405_EB_dbgi_001898_01_01_100mm_C18_15min_DDA_ELON_pos.mzML	dbgi_001898_01_01	sample
20240405_EB_dbgi_001906_01_01_100mm_C18_15min_DDA_ELON_pos.mzML	dbgi_001906_01_01	sample
20240405_EB_dbgi_001925_01_01_100mm_C18_15min_DDA_ELON_pos.mzML	dbgi_001925_01_01	sample
20240405_EB_dbgi_001927_01_01_100mm_C18_15min_DDA_ELON_pos.mzML	dbgi_001927_01_01	sample
20240405_EB_dbgi_001933_01_01_100mm_C18_15min_DDA_ELON_pos.mzML	dbgi_001933_01_01	sample
20240405_EB_dbgi_002256_01_01_100mm_C18_15min_DDA_ELON_pos.mzML	dbgi_002256_01_01	sample
20240405_EB_dbgi_002261_01_01_100mm_C18_15min_DDA_ELON_pos.mzML	dbgi_002261_01_01	sample
20240405_EB_dbgi_002268_01_01_100mm_C18_15min_DDA_ELON_pos.mzML	dbgi_002268_01_01	sample
20240405_EB_dbgi_002323_01_01_100mm_C18_15min_DDA_ELON_pos.mzML	dbgi_002323_01_01	sample
20240405_EB_dbgi_002326_01_01_100mm_C18_15min_DDA_ELON_pos.mzML	dbgi_002326_01_01	sample
20240405_EB_dbgi_002364_01_01_100mm_C18_15min_DDA_ELON_pos.mzML	dbgi_002364_01_01	sample
20240405_EB_dbgi_002371_01_01_100mm_C18_15min_DDA_ELON_pos.mzML	dbgi_002371_01_01	sample
20240405_EB_dbgi_002386_01_01_100mm_C18_15min_DDA_ELON_pos.mzML	dbgi_002386_01_01	sample
20240405_EB_dbgi_002395_01_01_100mm_C18_15min_DDA_ELON_pos.mzML	dbgi_002395_01_01	sample
20240405_EB_dbgi_002401_01_01_100mm_C18_15min_DDA_ELON_pos.mzML	dbgi_002401_01_01	sample
20240405_EB_dbgi_002410_01_01_100mm_C18_15min_DDA_ELON_pos.mzML	dbgi_002410_01_01	sample
20240405_EB_dbgi_002424_01_01_100mm_C18_15min_DDA_ELON_pos.mzML	dbgi_002424_01_01	sample
20240405_EB_dbgi_002431_01_01_100mm_C18_15min_DDA_ELON_pos.mzML	dbgi_002431_01_01	sample
20240405_EB_dbgi_002439_01_01_100mm_C18_15min_DDA_ELON_pos.mzML	dbgi_002439_01_01	sample
20240405_EB_dbgi_002442_01_01_100mm_C18_15min_DDA_ELON_pos.mzML	dbgi_002442_01_01	sample
20240405_EB_dbgi_002449_01_01_100mm_C18_15min_DDA_ELON_pos.mzML	dbgi_002449_01_01	sample
20240405_EB_dbgi_002450_01_01_100mm_C18_15min_DDA_ELON_pos.mzML	dbgi_002450_01_01	sample
20240405_EB_dbgi_002451_01_01_100mm_C18_15min_DDA_ELON_pos.mzML	dbgi_002451_01_01	sample
20240405_EB_dbgi_002461_01_01_100mm_C18_15min_DDA_ELON_pos.mzML	dbgi_002461_01_01	sample
20240405_EB_dbgi_002466_01_01_100mm_C18_15min_DDA_ELON_pos.mzML	dbgi_002466_01_01	sample
20240405_EB_dbgi_002467_01_01_100mm_C18_15min_DDA_ELON_pos.mzML	dbgi_002467_01_01	sample
20240405_EB_dbgi_002468_01_01_100mm_C18_15min_DDA_ELON_pos.mzML	dbgi_002468_01_01	sample
20240405_EB_dbgi_002473_01_01_100mm_C18_15min_DDA_ELON_pos.mzML	dbgi_002473_01_01	sample
20240405_EB_dbgi_002474_01_01_100mm_C18_15min_DDA_ELON_pos.mzML	dbgi_002474_01_01	sample
20240405_EB_dbgi_002475_01_01_100mm_C18_15min_DDA_ELON_pos.mzML	dbgi_002475_01_01	sample
20240405_EB_dbgi_002476_01_01_100mm_C18_15min_DDA_ELON_pos.mzML	dbgi_002476_01_01	sample
20240405_EB_dbgi_002481_01_01_100mm_C18_15min_DDA_ELON_pos.mzML	dbgi_002481_01_01	sample
20240405_EB_dbgi_002490_01_01_100mm_C18_15min_DDA_ELON_pos.mzML	dbgi_002490_01_01	sample
20240405_EB_dbgi_002497_01_01_100mm_C18_15min_DDA_ELON_pos.mzML	dbgi_002497_01_01	sample
20240405_EB_dbgi_002500_01_01_100mm_C18_15min_DDA_ELON_pos.mzML	dbgi_002500_01_01	sample
20240405_EB_dbgi_002502_01_01_100mm_C18_15min_DDA_ELON_pos.mzML	dbgi_002502_01_01	sample
20240405_EB_dbgi_002506_01_01_100mm_C18_15min_DDA_ELON_pos.mzML	dbgi_002506_01_01	sample
20240405_EB_dbgi_002508_01_01_100mm_C18_15min_DDA_ELON_pos.mzML	dbgi_002508_01_01	sample
20240405_EB_dbgi_002510_01_01_100mm_C18_15min_DDA_ELON_pos.mzML	dbgi_002510_01_01	sample
20240405_EB_dbgi_002511_01_01_100mm_C18_15min_DDA_ELON_pos.mzML	dbgi_002511_01_01	sample
20240405_EB_dbgi_002526_01_01_100mm_C18_15min_DDA_ELON_pos.mzML	dbgi_002526_01_01	sample
20240405_EB_dbgi_002527_01_01_100mm_C18_15min_DDA_ELON_pos.mzML	dbgi_002527_01_01	sample
20240405_EB_dbgi_002549_01_01_100mm_C18_15min_DDA_ELON_pos.mzML	dbgi_002549_01_01	sample
20240405_EB_dbgi_002552_01_01_100mm_C18_15min_DDA_ELON_pos.mzML	dbgi_002552_01_01	sample
20240405_EB_dbgi_002593_01_01_100mm_C18_15min_DDA_ELON_pos.mzML	dbgi_002593_01_01	sample
20240405_EB_dbgi_002598_01_01_100mm_C18_15min_DDA_ELON_pos.mzML	dbgi_002598_01_01	sample
20240405_EB_dbgi_002608_01_01_100mm_C18_15min_DDA_ELON_pos.mzML	dbgi_002608_01_01	sample
20240405_EB_dbgi_002615_01_01_100mm_C18_15min_DDA_ELON_pos.mzML	dbgi_002615_01_01	sample
20240405_EB_dbgi_002625_01_01_100mm_C18_15min_DDA_ELON_pos.mzML	dbgi_002625_01_01	sample
20240405_EB_dbgi_002651_01_01_100mm_C18_15min_DDA_ELON_pos.mzML	dbgi_002651_01_01	sample
20240405_EB_dbgi_002694_01_01_100mm_C18_15min_DDA_ELON_pos.mzML	dbgi_002694_01_01	sample
20240405_EB_dbgi_002697_01_01_100mm_C18_15min_DDA_ELON_pos.mzML	dbgi_002697_01_01	sample
20240405_EB_dbgi_002740_01_01_100mm_C18_15min_DDA_ELON_pos.mzML	dbgi_002740_01_01	sample
20240405_EB_dbgi_002748_01_01_100mm_C18_15min_DDA_ELON_pos.mzML	dbgi_002748_01_01	sample
20240405_EB_dbgi_002749_01_01_100mm_C18_15min_DDA_ELON_pos.mzML	dbgi_002749_01_01	sample
20240405_EB_dbgi_002753_01_01_100mm_C18_15min_DDA_ELON_pos.mzML	dbgi_002753_01_01	sample
20240405_EB_dbgi_002754_01_01_100mm_C18_15min_DDA_ELON_pos.mzML	dbgi_002754_01_01	sample
20240405_EB_dbgi_002758_01_01_100mm_C18_15min_DDA_ELON_pos.mzML	dbgi_002758_01_01	sample
20240405_EB_dbgi_002759_01_01_100mm_C18_15min_DDA_ELON_pos.mzML	dbgi_002759_01_01	sample
20240405_EB_dbgi_002763_01_01_100mm_C18_15min_DDA_ELON_pos.mzML	dbgi_002763_01_01	sample
20240405_EB_dbgi_002769_01_01_100mm_C18_15min_DDA_ELON_pos.mzML	dbgi_002769_01_01	sample
20240405_EB_dbgi_002778_01_01_100mm_C18_15min_DDA_ELON_pos.mzML	dbgi_002778_01_01	sample
20240405_EB_dbgi_002779_01_01_100mm_C18_15min_DDA_ELON_pos.mzML	dbgi_002779_01_01	sample
20240405_EB_dbgi_002781_01_01_100mm_C18_15min_DDA_ELON_pos.mzML	dbgi_002781_01_01	sample
20240405_EB_dbgi_002783_01_01_100mm_C18_15min_DDA_ELON_pos.mzML	dbgi_002783_01_01	sample
20240405_EB_dbgi_002792_01_01_100mm_C18_15min_DDA_ELON_pos.mzML	dbgi_002792_01_01	sample
20240405_EB_dbgi_002799_01_01_100mm_C18_15min_DDA_ELON_pos.mzML	dbgi_002799_01_01	sample
20240405_EB_dbgi_002803_01_01_100mm_C18_15min_DDA_ELON_pos.mzML	dbgi_002803_01_01	sample
20240405_EB_dbgi_002812_01_01_100mm_C18_15min_DDA_ELON_pos.mzML	dbgi_002812_01_01	sample
20240405_EB_dbgi_002813_01_01_100mm_C18_15min_DDA_ELON_pos.mzML	dbgi_002813_01_01	sample
20240405_EB_dbgi_002815_01_01_100mm_C18_15min_DDA_ELON_pos.mzML	dbgi_002815_01_01	sample
20240405_EB_dbgi_002818_01_01_100mm_C18_15min_DDA_ELON_pos.mzML	dbgi_002818_01_01	sample
20240405_EB_dbgi_002819_01_01_100mm_C18_15min_DDA_ELON_pos.mzML	dbgi_002819_01_01	sample
20240405_EB_dbgi_002820_01_01_100mm_C18_15min_DDA_ELON_pos.mzML	dbgi_002820_01_01	sample
20240405_EB_dbgi_002823_01_01_100mm_C18_15min_DDA_ELON_pos.mzML	dbgi_002823_01_01	sample
20240405_EB_dbgi_002824_01_01_100mm_C18_15min_DDA_ELON_pos.mzML	dbgi_002824_01_01	sample
20240405_EB_dbgi_002825_01_01_100mm_C18_15min_DDA_ELON_pos.mzML	dbgi_002825_01_01	sample
20240405_EB_dbgi_002831_01_01_100mm_C18_15min_DDA_ELON_pos.mzML	dbgi_002831_01_01	sample
20240405_EB_dbgi_002832_01_01_100mm_C18_15min_DDA_ELON_pos.mzML	dbgi_002832_01_01	sample
20240405_EB_dbgi_002834_01_01_100mm_C18_15min_DDA_ELON_pos.mzML	dbgi_002834_01_01	sample
20240405_EB_dbgi_002836_01_01_100mm_C18_15min_DDA_ELON_pos.mzML	dbgi_002836_01_01	sample
20240405_EB_dbgi_002837_01_01_100mm_C18_15min_DDA_ELON_pos.mzML	dbgi_002837_01_01	sample
20240405_EB_dbgi_002841_01_01_100mm_C18_15min_DDA_ELON_pos.mzML	dbgi_002841_01_01	sample
20240405_EB_dbgi_002844_01_01_100mm_C18_15min_DDA_ELON_pos.mzML	dbgi_002844_01_01	sample
20240405_EB_dbgi_002846_01_01_100mm_C18_15min_DDA_ELON_pos.mzML	dbgi_002846_01_01	sample
20240405_EB_dbgi_002847_01_01_100mm_C18_15min_DDA_ELON_pos.mzML	dbgi_002847_01_01	sample
20240405_EB_dbgi_002851_01_01_100mm_C18_15min_DDA_ELON_pos.mzML	dbgi_002851_01_01	sample
20240405_EB_dbgi_002853_01_01_100mm_C18_15min_DDA_ELON_pos.mzML	dbgi_002853_01_01	sample
20240405_EB_dbgi_002855_01_01_100mm_C18_15min_DDA_ELON_pos.mzML	dbgi_002855_01_01	sample
20240405_EB_dbgi_002858_01_01_100mm_C18_15min_DDA_ELON_pos.mzML	dbgi_002858_01_01	sample
20240405_EB_dbgi_002870_01_01_100mm_C18_15min_DDA_ELON_pos.mzML	dbgi_002870_01_01	sample
20240405_EB_dbgi_002872_01_01_100mm_C18_15min_DDA_ELON_pos.mzML	dbgi_002872_01_01	sample
20240405_EB_dbgi_002873_01_01_100mm_C18_15min_DDA_ELON_pos.mzML	dbgi_002873_01_01	sample
20240405_EB_dbgi_002875_01_01_100mm_C18_15min_DDA_ELON_pos.mzML	dbgi_002875_01_01	sample
20240405_EB_dbgi_002876_01_01_100mm_C18_15min_DDA_ELON_pos.mzML	dbgi_002876_01_01	sample
20240405_EB_dbgi_002882_01_01_100mm_C18_15min_DDA_ELON_pos.mzML	dbgi_002882_01_01	sample
20240405_EB_dbgi_002887_01_01_100mm_C18_15min_DDA_ELON_pos.mzML	dbgi_002887_01_01	sample
20240405_EB_dbgi_002892_01_01_100mm_C18_15min_DDA_ELON_pos.mzML	dbgi_002892_01_01	sample
20240405_EB_dbgi_002895_01_01_100mm_C18_15min_DDA_ELON_pos.mzML	dbgi_002895_01_01	sample
20240405_EB_dbgi_002896_01_01_100mm_C18_15min_DDA_ELON_pos.mzML	dbgi_002896_01_01	sample
20240405_EB_dbgi_002902_01_01_100mm_C18_15min_DDA_ELON_pos.mzML	dbgi_002902_01_01	sample
20240405_EB_dbgi_002904_01_01_100mm_C18_15min_DDA_ELON_pos.mzML	dbgi_002904_01_01	sample
20240405_EB_dbgi_002905_01_01_100mm_C18_15min_DDA_ELON_pos.mzML	dbgi_002905_01_01	sample
20240405_EB_dbgi_002907_01_01_100mm_C18_15min_DDA_ELON_pos.mzML	dbgi_002907_01_01	sample
20240405_EB_dbgi_002918_01_01_100mm_C18_15min_DDA_ELON_pos.mzML	dbgi_002918_01_01	sample
20240405_EB_dbgi_002919_01_01_100mm_C18_15min_DDA_ELON_pos.mzML	dbgi_002919_01_01	sample
20240405_EB_dbgi_002922_01_01_100mm_C18_15min_DDA_ELON_pos.mzML	dbgi_002922_01_01	sample
20240405_EB_dbgi_002927_01_01_100mm_C18_15min_DDA_ELON_pos.mzML	dbgi_002927_01_01	sample
20240405_EB_dbgi_002928_01_01_100mm_C18_15min_DDA_ELON_pos.mzML	dbgi_002928_01_01	sample
20240405_EB_dbgi_002946_02_01_100mm_C18_15min_DDA_ELON_pos.mzML	dbgi_002946_02_01	sample
20240405_EB_dbgi_002948_01_01_100mm_C18_15min_DDA_ELON_pos.mzML	dbgi_002948_01_01	sample
20240405_EB_dbgi_002949_01_01_100mm_C18_15min_DDA_ELON_pos.mzML	dbgi_002949_01_01	sample
20240405_EB_dbgi_002950_01_01_100mm_C18_15min_DDA_ELON_pos.mzML	dbgi_002950_01_01	sample
20240405_EB_dbgi_002953_01_01_100mm_C18_15min_DDA_ELON_pos.mzML	dbgi_002953_01_01	sample
20240405_EB_dbgi_002969_01_01_100mm_C18_15min_DDA_ELON_pos.mzML	dbgi_002969_01_01	sample
20240405_EB_dbgi_002970_01_01_100mm_C18_15min_DDA_ELON_pos.mzML	dbgi_002970_01_01	sample
20240405_EB_dbgi_002973_01_01_100mm_C18_15min_DDA_ELON_pos.mzML	dbgi_002973_01_01	sample
20240405_EB_dbgi_002980_01_01_100mm_C18_15min_DDA_ELON_pos.mzML	dbgi_002980_01_01	sample
20240405_EB_dbgi_002984_01_01_100mm_C18_15min_DDA_ELON_pos.mzML	dbgi_002984_01_01	sample
20240405_EB_dbgi_002989_01_01_100mm_C18_15min_DDA_ELON_pos.mzML	dbgi_002989_01_01	sample
20240405_EB_dbgi_002991_01_01_100mm_C18_15min_DDA_ELON_pos.mzML	dbgi_002991_01_01	sample
20240405_EB_dbgi_002996_01_01_100mm_C18_15min_DDA_ELON_pos.mzML	dbgi_002996_01_01	sample
20240405_EB_dbgi_003001_01_01_100mm_C18_15min_DDA_ELON_pos.mzML	dbgi_003001_01_01	sample
20240405_EB_dbgi_003002_01_01_100mm_C18_15min_DDA_ELON_pos.mzML	dbgi_003002_01_01	sample
20240405_EB_dbgi_003006_01_01_100mm_C18_15min_DDA_ELON_pos.mzML	dbgi_003006_01_01	sample
20240405_EB_dbgi_003017_01_01_100mm_C18_15min_DDA_ELON_pos.mzML	dbgi_003017_01_01	sample
20240405_EB_dbgi_003024_01_01_100mm_C18_15min_DDA_ELON_pos.mzML	dbgi_003024_01_01	sample
20240405_EB_dbgi_003027_01_01_100mm_C18_15min_DDA_ELON_pos.mzML	dbgi_003027_01_01	sample
20240405_EB_dbgi_003033_01_01_100mm_C18_15min_DDA_ELON_pos.mzML	dbgi_003033_01_01	sample
20240405_EB_dbgi_003034_01_01_100mm_C18_15min_DDA_ELON_pos.mzML	dbgi_003034_01_01	sample
20240405_EB_dbgi_003037_01_01_100mm_C18_15min_DDA_ELON_pos.mzML	dbgi_003037_01_01	sample
20240405_EB_dbgi_003041_01_01_100mm_C18_15min_DDA_ELON_pos.mzML	dbgi_003041_01_01	sample
20240405_EB_dbgi_003047_01_01_100mm_C18_15min_DDA_ELON_pos.mzML	dbgi_003047_01_01	sample
20240405_EB_dbgi_003048_01_01_100mm_C18_15min_DDA_ELON_pos.mzML	dbgi_003048_01_01	sample
20240405_EB_dbgi_003053_01_01_100mm_C18_15min_DDA_ELON_pos.mzML	dbgi_003053_01_01	sample
20240405_EB_dbgi_003057_01_01_100mm_C18_15min_DDA_ELON_pos.mzML	dbgi_003057_01_01	sample
20240405_EB_dbgi_003064_01_01_100mm_C18_15min_DDA_ELON_pos.mzML	dbgi_003064_01_01	sample
20240405_EB_dbgi_003070_01_01_100mm_C18_15min_DDA_ELON_pos.mzML	dbgi_003070_01_01	sample
20240405_EB_dbgi_003073_01_01_100mm_C18_15min_DDA_ELON_pos.mzML	dbgi_003073_01_01	sample
20240405_EB_dbgi_003084_01_01_100mm_C18_15min_DDA_ELON_pos.mzML	dbgi_003084_01_01	sample
20240405_EB_dbgi_003092_01_01_100mm_C18_15min_DDA_ELON_pos.mzML	dbgi_003092_01_01	sample
20240405_EB_dbgi_003095_01_01_100mm_C18_15min_DDA_ELON_pos.mzML	dbgi_003095_01_01	sample
20240405_EB_dbgi_003120_01_01_100mm_C18_15min_DDA_ELON_pos.mzML	dbgi_003120_01_01	sample
20240405_EB_dbgi_batch_blk_000006_01_100mm_C18_15min_DDA_ELON_pos.mzML	dbgi_batch_blk_000006_01	blank
20240405_EB_dbgi_batch_blk_000007_01_100mm_C18_15min_DDA_ELON_pos.mzML	dbgi_batch_blk_000007_01	blank
202404191203_HC_dbgi_001794_01_01.mzML	dbgi_001794_01_01	sample
202404191203_HC_dbgi_001888_01_01.mzML	dbgi_001888_01_01	sample
202404191203_HC_dbgi_002318_01_01.mzML	dbgi_002318_01_01	sample
202404191203_HC_dbgi_002342_01_01.mzML	dbgi_002342_01_01	sample
202404191203_HC_dbgi_002413_01_01.mzML	dbgi_002413_01_01	sample
202404191203_HC_dbgi_002421_01_01.mzML	dbgi_002421_01_01	sample
202404191203_HC_dbgi_002444_01_01.mzML	dbgi_002444_01_01	sample
202404191203_HC_dbgi_002484_01_01.mzML	dbgi_002484_01_01	sample
202404191203_HC_dbgi_002491_01_01.mzML	dbgi_002491_01_01	sample
202404191203_HC_dbgi_002589_01_01.mzML	dbgi_002589_01_01	sample
202404191203_HC_dbgi_002675_01_01.mzML	dbgi_002675_01_01	sample
202404191203_HC_dbgi_002749_02_01.mzML	dbgi_002749_02_01	sample
202404191203_HC_dbgi_002750_01_01.mzML	dbgi_002750_01_01	sample
202404191203_HC_dbgi_002751_01_01.mzML	dbgi_002751_01_01	sample
202404191203_HC_dbgi_002755_01_01.mzML	dbgi_002755_01_01	sample
202404191203_HC_dbgi_002756_01_01.mzML	dbgi_002756_01_01	sample
202404191203_HC_dbgi_002757_01_01.mzML	dbgi_002757_01_01	sample
202404191203_HC_dbgi_002760_01_01.mzML	dbgi_002760_01_01	sample
202404191203_HC_dbgi_002761_01_01.mzML	dbgi_002761_01_01	sample
202404191203_HC_dbgi_002764_01_01.mzML	dbgi_002764_01_01	sample
202404191203_HC_dbgi_002766_01_01.mzML	dbgi_002766_01_01	sample
202404191203_HC_dbgi_002767_01_01.mzML	dbgi_002767_01_01	sample
202404191203_HC_dbgi_002768_01_01.mzML	dbgi_002768_01_01	sample
202404191203_HC_dbgi_002770_01_01.mzML	dbgi_002770_01_01	sample
202404191203_HC_dbgi_002772_01_01.mzML	dbgi_002772_01_01	sample
202404191203_HC_dbgi_002773_01_01.mzML	dbgi_002773_01_01	sample
202404191203_HC_dbgi_002774_01_01.mzML	dbgi_002774_01_01	sample
202404191203_HC_dbgi_002775_01_01.mzML	dbgi_002775_01_01	sample
202404191203_HC_dbgi_002776_01_01.mzML	dbgi_002776_01_01	sample
202404191203_HC_dbgi_002777_01_01.mzML	dbgi_002777_01_01	sample
202404191203_HC_dbgi_002782_01_01.mzML	dbgi_002782_01_01	sample
202404191203_HC_dbgi_002784_01_01.mzML	dbgi_002784_01_01	sample
202404191203_HC_dbgi_002788_01_01.mzML	dbgi_002788_01_01	sample
202404191203_HC_dbgi_002790_01_01.mzML	dbgi_002790_01_01	sample
202404191203_HC_dbgi_002791_01_01.mzML	dbgi_002791_01_01	sample
202404191203_HC_dbgi_002794_01_01.mzML	dbgi_002794_01_01	sample
202404191203_HC_dbgi_002795_01_01.mzML	dbgi_002795_01_01	sample
202404191203_HC_dbgi_002796_01_01.mzML	dbgi_002796_01_01	sample
202404191203_HC_dbgi_002797_01_01.mzML	dbgi_002797_01_01	sample
202404191203_HC_dbgi_002801_01_01.mzML	dbgi_002801_01_01	sample
202404191203_HC_dbgi_002802_01_01.mzML	dbgi_002802_01_01	sample
202404191203_HC_dbgi_002804_01_01.mzML	dbgi_002804_01_01	sample
202404191203_HC_dbgi_002805_01_01.mzML	dbgi_002805_01_01	sample
202404191203_HC_dbgi_002806_01_01.mzML	dbgi_002806_01_01	sample
202404191203_HC_dbgi_002807_01_01.mzML	dbgi_002807_01_01	sample
202404191203_HC_dbgi_002808_01_01.mzML	dbgi_002808_01_01	sample
202404191203_HC_dbgi_002809_01_01.mzML	dbgi_002809_01_01	sample
202404191203_HC_dbgi_002810_01_01.mzML	dbgi_002810_01_01	sample
202404191203_HC_dbgi_002811_01_01.mzML	dbgi_002811_01_01	sample
202404191203_HC_dbgi_002814_01_01.mzML	dbgi_002814_01_01	sample
202404191203_HC_dbgi_002816_01_01.mzML	dbgi_002816_01_01	sample
202404191203_HC_dbgi_002821_01_01.mzML	dbgi_002821_01_01	sample
202404191203_HC_dbgi_002822_01_01.mzML	dbgi_002822_01_01	sample
202404191203_HC_dbgi_002827_01_01.mzML	dbgi_002827_01_01	sample
202404191203_HC_dbgi_002828_01_01.mzML	dbgi_002828_01_01	sample
202404191203_HC_dbgi_002829_01_01.mzML	dbgi_002829_01_01	sample
202404191203_HC_dbgi_002830_01_01.mzML	dbgi_002830_01_01	sample
202404191203_HC_dbgi_002839_01_01.mzML	dbgi_002839_01_01	sample
202404191203_HC_dbgi_002840_01_01.mzML	dbgi_002840_01_01	sample
202404191203_HC_dbgi_002842_01_01.mzML	dbgi_002842_01_01	sample
202404191203_HC_dbgi_002843_01_01.mzML	dbgi_002843_01_01	sample
202404191203_HC_dbgi_002845_01_01.mzML	dbgi_002845_01_01	sample
202404191203_HC_dbgi_002848_01_01.mzML	dbgi_002848_01_01	sample
202404191203_HC_dbgi_002849_01_01.mzML	dbgi_002849_01_01	sample
202404191203_HC_dbgi_002854_01_01.mzML	dbgi_002854_01_01	sample
202404191203_HC_dbgi_002859_01_01.mzML	dbgi_002859_01_01	sample
202404191203_HC_dbgi_002862_01_01.mzML	dbgi_002862_01_01	sample
202404191203_HC_dbgi_002864_01_01.mzML	dbgi_002864_01_01	sample
202404191203_HC_dbgi_002866_01_01.mzML	dbgi_002866_01_01	sample
202404191203_HC_dbgi_002867_01_01.mzML	dbgi_002867_01_01	sample
202404191203_HC_dbgi_002868_01_01.mzML	dbgi_002868_01_01	sample
202404191203_HC_dbgi_002869_01_01.mzML	dbgi_002869_01_01	sample
202404191203_HC_dbgi_002871_01_01.mzML	dbgi_002871_01_01	sample
202404191203_HC_dbgi_002874_01_01.mzML	dbgi_002874_01_01	sample
202404191203_HC_dbgi_002877_01_01.mzML	dbgi_002877_01_01	sample
202404191203_HC_dbgi_002878_01_01.mzML	dbgi_002878_01_01	sample
202404191203_HC_dbgi_002879_01_01.mzML	dbgi_002879_01_01	sample
202404191203_HC_dbgi_002880_01_01.mzML	dbgi_002880_01_01	sample
202404191203_HC_dbgi_002881_01_01.mzML	dbgi_002881_01_01	sample
202404191203_HC_dbgi_002885_01_01.mzML	dbgi_002885_01_01	sample
202404191203_HC_dbgi_002886_01_01.mzML	dbgi_002886_01_01	sample
202404191203_HC_dbgi_002888_01_01.mzML	dbgi_002888_01_01	sample
202404191203_HC_dbgi_002891_01_01.mzML	dbgi_002891_01_01	sample
202404191203_HC_dbgi_002894_01_01.mzML	dbgi_002894_01_01	sample
202404191203_HC_dbgi_002897_01_01.mzML	dbgi_002897_01_01	sample
202404191203_HC_dbgi_002898_01_01.mzML	dbgi_002898_01_01	sample
202404191203_HC_dbgi_002900_01_01.mzML	dbgi_002900_01_01	sample
202404191203_HC_dbgi_002901_01_01.mzML	dbgi_002901_01_01	sample
202404191203_HC_dbgi_002906_01_01.mzML	dbgi_002906_01_01	sample
202404191203_HC_dbgi_002915_01_01.mzML	dbgi_002915_01_01	sample
202404191203_HC_dbgi_002917_01_01.mzML	dbgi_002917_01_01	sample
202404191203_HC_dbgi_002919_02_01.mzML	dbgi_002919_02_01	sample
202404191203_HC_dbgi_002924_01_01.mzML	dbgi_002924_01_01	sample
202404191203_HC_dbgi_002928_02_01.mzML	dbgi_002928_02_01	sample
202404191203_HC_dbgi_002932_01_01.mzML	dbgi_002932_01_01	sample
202404191203_HC_dbgi_002933_01_01.mzML	dbgi_002933_01_01	sample
202404191203_HC_dbgi_002938_01_01.mzML	dbgi_002938_01_01	sample
202404191203_HC_dbgi_002940_01_01.mzML	dbgi_002940_01_01	sample
202404191203_HC_dbgi_002942_01_01.mzML	dbgi_002942_01_01	sample
202404191203_HC_dbgi_002943_01_01.mzML	dbgi_002943_01_01	sample
202404191203_HC_dbgi_002944_01_01.mzML	dbgi_002944_01_01	sample
202404191203_HC_dbgi_002947_01_01.mzML	dbgi_002947_01_01	sample
202404191203_HC_dbgi_002952_01_01.mzML	dbgi_002952_01_01	sample
202404191203_HC_dbgi_002958_01_01.mzML	dbgi_002958_01_01	sample
202404191203_HC_dbgi_002963_01_01.mzML	dbgi_002963_01_01	sample
202404191203_HC_dbgi_002963_02_01.mzML	dbgi_002963_02_01	sample
202404191203_HC_dbgi_002964_01_01.mzML	dbgi_002964_01_01	sample
202404191203_HC_dbgi_002974_01_01.mzML	dbgi_002974_01_01	sample
202404191203_HC_dbgi_002978_01_01.mzML	dbgi_002978_01_01	sample
202404191203_HC_dbgi_002979_01_01.mzML	dbgi_002979_01_01	sample
202404191203_HC_dbgi_002983_01_01.mzML	dbgi_002983_01_01	sample
202404191203_HC_dbgi_002987_01_01.mzML	dbgi_002987_01_01	sample
202404191203_HC_dbgi_002992_01_01.mzML	dbgi_002992_01_01	sample
202404191203_HC_dbgi_002997_01_01.mzML	dbgi_002997_01_01	sample
202404191203_HC_dbgi_003003_01_01.mzML	dbgi_003003_01_01	sample
202404191203_HC_dbgi_003007_01_01.mzML	dbgi_003007_01_01	sample
202404191203_HC_dbgi_003012_01_01.mzML	dbgi_003012_01_01	sample
202404191203_HC_dbgi_003022_01_01.mzML	dbgi_003022_01_01	sample
202404191203_HC_dbgi_003023_01_01.mzML	dbgi_003023_01_01	sample
202404191203_HC_dbgi_003032_01_01.mzML	dbgi_003032_01_01	sample
202404191203_HC_dbgi_003038_01_01.mzML	dbgi_003038_01_01	sample
202404191203_HC_dbgi_003042_01_01.mzML	dbgi_003042_01_01	sample
202404191203_HC_dbgi_003052_01_01.mzML	dbgi_003052_01_01	sample
202404191203_HC_dbgi_003062_01_01.mzML	dbgi_003062_01_01	sample
202404191203_HC_dbgi_003063_01_01.mzML	dbgi_003063_01_01	sample
202404191203_HC_dbgi_003069_01_01.mzML	dbgi_003069_01_01	sample
202404191203_HC_dbgi_003075_01_01.mzML	dbgi_003075_01_01	sample
202404191203_HC_dbgi_003080_01_01.mzML	dbgi_003080_01_01	sample
202404191203_HC_dbgi_003083_01_01.mzML	dbgi_003083_01_01	sample
202404191203_HC_dbgi_003086_01_01.mzML	dbgi_003086_01_01	sample
202404191203_HC_dbgi_003098_01_01.mzML	dbgi_003098_01_01	sample
202404191203_HC_dbgi_003100_01_01.mzML	dbgi_003100_01_01	sample
202404191203_HC_dbgi_003103_01_01.mzML	dbgi_003103_01_01	sample
202404191203_HC_dbgi_003108_01_01.mzML	dbgi_003108_01_01	sample
202404191203_HC_dbgi_003109_01_01.mzML	dbgi_003109_01_01	sample
202404191203_HC_dbgi_003110_01_01.mzML	dbgi_003110_01_01	sample
202404191203_HC_dbgi_003114_01_01.mzML	dbgi_003114_01_01	sample
202404191203_HC_dbgi_003115_01_01.mzML	dbgi_003115_01_01	sample
202404191203_HC_dbgi_003116_01_01.mzML	dbgi_003116_01_01	sample
202404191203_HC_dbgi_003121_01_01.mzML	dbgi_003121_01_01	sample
202404191203_HC_dbgi_003122_01_01.mzML	dbgi_003122_01_01	sample
202404191203_HC_dbgi_003123_01_01.mzML	dbgi_003123_01_01	sample
202404191203_HC_dbgi_003124_01_01.mzML	dbgi_003124_01_01	sample
202404191203_HC_dbgi_003125_01_01.mzML	dbgi_003125_01_01	sample
202404191203_HC_dbgi_003126_01_01.mzML	dbgi_003126_01_01	sample
202404191203_HC_dbgi_003130_01_01.mzML	dbgi_003130_01_01	sample
202404191203_HC_dbgi_003133_01_01.mzML	dbgi_003133_01_01	sample
202404191203_HC_dbgi_003134_01_01.mzML	dbgi_003134_01_01	sample
202404191203_HC_dbgi_003135_01_01.mzML	dbgi_003135_01_01	sample
202404191203_HC_dbgi_003139_01_01.mzML	dbgi_003139_01_01	sample
202404191203_HC_dbgi_003142_01_01.mzML	dbgi_003142_01_01	sample
202404191203_HC_dbgi_003143_01_01.mzML	dbgi_003143_01_01	sample
202404191203_HC_dbgi_003144_01_01.mzML	dbgi_003144_01_01	sample
202404191203_HC_dbgi_003152_01_01.mzML	dbgi_003152_01_01	sample
202404191203_HC_dbgi_003157_01_01.mzML	dbgi_003157_01_01	sample
202404191203_HC_dbgi_003162_01_01.mzML	dbgi_003162_01_01	sample
202404191203_HC_dbgi_003167_01_01.mzML	dbgi_003167_01_01	sample
202404191203_HC_dbgi_003192_01_01.mzML	dbgi_003192_01_01	sample
202404191203_HC_dbgi_003202_01_01.mzML	dbgi_003202_01_01	sample
202404191203_HC_dbgi_003212_01_01.mzML	dbgi_003212_01_01	sample
202404191203_HC_dbgi_003217_01_01.mzML	dbgi_003217_01_01	sample
202404191203_HC_dbgi_batch_blk_000008_01.mzML	dbgi_batch_blk_000008_01	blank
202404241651_EB_dbgi_003163_01_01.mzML	dbgi_003163_01_01	sample
202404241651_EB_dbgi_003169_01_02.mzML	dbgi_003169_01_02	sample
202404241651_EB_dbgi_003173_01_01.mzML	dbgi_003173_01_01	sample
202404241651_EB_dbgi_003186_01_01.mzML	dbgi_003186_01_01	sample
202404241651_EB_dbgi_003190_01_01.mzML	dbgi_003190_01_01	sample
202404241651_EB_dbgi_003194_02_01.mzML	dbgi_003194_02_01	sample
202404241651_EB_dbgi_003200_01_01.mzML	dbgi_003200_01_01	sample
202404241651_EB_dbgi_003206_01_01.mzML	dbgi_003206_01_01	sample
202404241651_EB_dbgi_003210_02_01.mzML	dbgi_003210_02_01	sample
202404241731_EB_dbgi_003208_01_01.mzML	dbgi_003208_01_01	sample
202404241731_EB_dbgi_003208_02_01.mzML	dbgi_003208_02_01	sample
202404241731_EB_dbgi_003224_01_02.mzML	dbgi_003224_01_02	sample
202404241731_EB_dbgi_003224_02_01.mzML	dbgi_003224_02_01	sample
202405081555_EB_dbgi_001192_01_01.mzML	dbgi_001192_01_01	sample
202405081555_EB_dbgi_001197_01_01.mzML	dbgi_001197_01_01	sample
202405081555_EB_dbgi_001219_01_01.mzML	dbgi_001219_01_01	sample
202405081555_EB_dbgi_001751_01_01.mzML	dbgi_001751_01_01	sample
202405081555_EB_dbgi_001758_01_01.mzML	dbgi_001758_01_01	sample
202405081555_EB_dbgi_001759_01_01.mzML	dbgi_001759_01_01	sample
202405081555_EB_dbgi_001765_01_01.mzML	dbgi_001765_01_01	sample
202405081555_EB_dbgi_001771_01_01.mzML	dbgi_001771_01_01	sample
202405081555_EB_dbgi_001779_01_01.mzML	dbgi_001779_01_01	sample
202405081555_EB_dbgi_001784_01_01.mzML	dbgi_001784_01_01	sample
202405081555_EB_dbgi_001790_01_01.mzML	dbgi_001790_01_01	sample
202405081555_EB_dbgi_001795_01_01.mzML	dbgi_001795_01_01	sample
202405081555_EB_dbgi_001801_01_01.mzML	dbgi_001801_01_01	sample
202405081555_EB_dbgi_001802_01_01.mzML	dbgi_001802_01_01	sample
202405081555_EB_dbgi_001807_01_01.mzML	dbgi_001807_01_01	sample
202405081555_EB_dbgi_001813_01_01.mzML	dbgi_001813_01_01	sample
202405081555_EB_dbgi_001816_01_01.mzML	dbgi_001816_01_01	sample
202405081555_EB_dbgi_001817_01_01.mzML	dbgi_001817_01_01	sample
202405081555_EB_dbgi_001818_01_01.mzML	dbgi_001818_01_01	sample
202405081555_EB_dbgi_001819_01_01.mzML	dbgi_001819_01_01	sample
202405081555_EB_dbgi_001820_01_01.mzML	dbgi_001820_01_01	sample
202405081555_EB_dbgi_001821_01_01.mzML	dbgi_001821_01_01	sample
202405081555_EB_dbgi_001831_01_01.mzML	dbgi_001831_01_01	sample
202405081555_EB_dbgi_001833_01_01.mzML	dbgi_001833_01_01	sample
202405081555_EB_dbgi_001834_01_01.mzML	dbgi_001834_01_01	sample
202405081555_EB_dbgi_001835_01_01.mzML	dbgi_001835_01_01	sample
202405081555_EB_dbgi_001839_01_01.mzML	dbgi_001839_01_01	sample
202405081555_EB_dbgi_001840_01_01.mzML	dbgi_001840_01_01	sample
202405081555_EB_dbgi_001843_01_01.mzML	dbgi_001843_01_01	sample
202405081555_EB_dbgi_001847_01_01.mzML	dbgi_001847_01_01	sample
202405081555_EB_dbgi_001849_01_01.mzML	dbgi_001849_01_01	sample
202405081555_EB_dbgi_001852_01_01.mzML	dbgi_001852_01_01	sample
202405081555_EB_dbgi_001856_01_01.mzML	dbgi_001856_01_01	sample
202405081555_EB_dbgi_001864_01_01.mzML	dbgi_001864_01_01	sample
202405081555_EB_dbgi_001878_01_01.mzML	dbgi_001878_01_01	sample
202405081555_EB_dbgi_001879_01_01.mzML	dbgi_001879_01_01	sample
202405081555_EB_dbgi_001881_01_01.mzML	dbgi_001881_01_01	sample
202405081555_EB_dbgi_001887_01_01.mzML	dbgi_001887_01_01	sample
202405081555_EB_dbgi_001901_01_01.mzML	dbgi_001901_01_01	sample
202405081555_EB_dbgi_001904_01_01.mzML	dbgi_001904_01_01	sample
202405081555_EB_dbgi_001913_01_01.mzML	dbgi_001913_01_01	sample
202405081555_EB_dbgi_001918_01_01.mzML	dbgi_001918_01_01	sample
202405081555_EB_dbgi_001919_01_01.mzML	dbgi_001919_01_01	sample
202405081555_EB_dbgi_001920_01_01.mzML	dbgi_001920_01_01	sample
202405081555_EB_dbgi_001926_01_01.mzML	dbgi_001926_01_01	sample
202405081555_EB_dbgi_001934_01_01.mzML	dbgi_001934_01_01	sample
202405081555_EB_dbgi_001936_01_01.mzML	dbgi_001936_01_01	sample
202405081555_EB_dbgi_002251_01_01.mzML	dbgi_002251_01_01	sample
202405081555_EB_dbgi_002258_01_01.mzML	dbgi_002258_01_01	sample
202405081555_EB_dbgi_002264_01_01.mzML	dbgi_002264_01_01	sample
202405081555_EB_dbgi_002271_01_01.mzML	dbgi_002271_01_01	sample
202405081555_EB_dbgi_002278_01_01.mzML	dbgi_002278_01_01	sample
202405081555_EB_dbgi_002280_01_01.mzML	dbgi_002280_01_01	sample
202405081555_EB_dbgi_002313_01_01.mzML	dbgi_002313_01_01	sample
202405081555_EB_dbgi_002339_01_01.mzML	dbgi_002339_01_01	sample
202405081555_EB_dbgi_002354_01_01.mzML	dbgi_002354_01_01	sample
202405081555_EB_dbgi_002355_01_01.mzML	dbgi_002355_01_01	sample
202405081555_EB_dbgi_002360_01_01.mzML	dbgi_002360_01_01	sample
202405081555_EB_dbgi_002363_01_01.mzML	dbgi_002363_01_01	sample
202405081555_EB_dbgi_002370_01_01.mzML	dbgi_002370_01_01	sample
202405081555_EB_dbgi_002382_01_01.mzML	dbgi_002382_01_01	sample
202405081555_EB_dbgi_002383_01_01.mzML	dbgi_002383_01_01	sample
202405081555_EB_dbgi_002387_01_01.mzML	dbgi_002387_01_01	sample
202405081555_EB_dbgi_002393_01_01.mzML	dbgi_002393_01_01	sample
202405081555_EB_dbgi_002394_01_01.mzML	dbgi_002394_01_01	sample
202405081555_EB_dbgi_002445_01_01.mzML	dbgi_002445_01_01	sample
202405081555_EB_dbgi_002448_01_01.mzML	dbgi_002448_01_01	sample
202405081555_EB_dbgi_002453_01_01.mzML	dbgi_002453_01_01	sample
202405081555_EB_dbgi_002457_01_01.mzML	dbgi_002457_01_01	sample
202405081555_EB_dbgi_002458_01_01.mzML	dbgi_002458_01_01	sample
202405081555_EB_dbgi_002462_01_01.mzML	dbgi_002462_01_01	sample
202405081555_EB_dbgi_002464_01_01.mzML	dbgi_002464_01_01	sample
202405081555_EB_dbgi_002465_01_01.mzML	dbgi_002465_01_01	sample
202405081555_EB_dbgi_002479_01_01.mzML	dbgi_002479_01_01	sample
202405081555_EB_dbgi_002503_01_01.mzML	dbgi_002503_01_01	sample
202405081555_EB_dbgi_002538_01_01.mzML	dbgi_002538_01_01	sample
202405081555_EB_dbgi_002539_01_01.mzML	dbgi_002539_01_01	sample
202405081555_EB_dbgi_002544_01_01.mzML	dbgi_002544_01_01	sample
202405081555_EB_dbgi_002546_01_01.mzML	dbgi_002546_01_01	sample
202405081555_EB_dbgi_002551_01_01.mzML	dbgi_002551_01_01	sample
202405081555_EB_dbgi_002554_01_01.mzML	dbgi_002554_01_01	sample
202405081555_EB_dbgi_002555_01_01.mzML	dbgi_002555_01_01	sample
202405081555_EB_dbgi_002561_01_01.mzML	dbgi_002561_01_01	sample
202405081555_EB_dbgi_002567_01_01.mzML	dbgi_002567_01_01	sample
202405081555_EB_dbgi_002568_01_01.mzML	dbgi_002568_01_01	sample
202405081555_EB_dbgi_002575_01_01.mzML	dbgi_002575_01_01	sample
202405081555_EB_dbgi_002577_01_01.mzML	dbgi_002577_01_01	sample
202405081555_EB_dbgi_002577_01_02.mzML	dbgi_002577_01_02	sample
202405081555_EB_dbgi_002577_01_03.mzML	dbgi_002577_01_03	sample
202405081555_EB_dbgi_002580_01_01.mzML	dbgi_002580_01_01	sample
202405081555_EB_dbgi_002581_01_01.mzML	dbgi_002581_01_01	sample
202405081555_EB_dbgi_002590_01_01.mzML	dbgi_002590_01_01	sample
202405081555_EB_dbgi_002594_01_01.mzML	dbgi_002594_01_01	sample
202405081555_EB_dbgi_002601_01_01.mzML	dbgi_002601_01_01	sample
202405081555_EB_dbgi_002602_01_01.mzML	dbgi_002602_01_01	sample
202405081555_EB_dbgi_002609_01_01.mzML	dbgi_002609_01_01	sample
202405081555_EB_dbgi_002610_01_01.mzML	dbgi_002610_01_01	sample
202405081555_EB_dbgi_002619_01_01.mzML	dbgi_002619_01_01	sample
202405081555_EB_dbgi_002621_01_01.mzML	dbgi_002621_01_01	sample
202405081555_EB_dbgi_002627_01_01.mzML	dbgi_002627_01_01	sample
202405081555_EB_dbgi_002633_01_01.mzML	dbgi_002633_01_01	sample
202405081555_EB_dbgi_002640_01_01.mzML	dbgi_002640_01_01	sample
202405081555_EB_dbgi_002644_01_01.mzML	dbgi_002644_01_01	sample
202405081555_EB_dbgi_002647_01_01.mzML	dbgi_002647_01_01	sample
202405081555_EB_dbgi_002662_01_01.mzML	dbgi_002662_01_01	sample
202405081555_EB_dbgi_002669_01_01.mzML	dbgi_002669_01_01	sample
202405081555_EB_dbgi_002674_01_01.mzML	dbgi_002674_01_01	sample
202405081555_EB_dbgi_002680_01_01.mzML	dbgi_002680_01_01	sample
202405081555_EB_dbgi_002686_01_01.mzML	dbgi_002686_01_01	sample
202405081555_EB_dbgi_002688_01_01.mzML	dbgi_002688_01_01	sample
202405081555_EB_dbgi_002701_01_01.mzML	dbgi_002701_01_01	sample
202405081555_EB_dbgi_002705_01_01.mzML	dbgi_002705_01_01	sample
202405081555_EB_dbgi_002706_01_01.mzML	dbgi_002706_01_01	sample
202405081555_EB_dbgi_002708_01_01.mzML	dbgi_002708_01_01	sample
202405081555_EB_dbgi_002716_01_01.mzML	dbgi_002716_01_01	sample
202405081555_EB_dbgi_002718_01_01.mzML	dbgi_002718_01_01	sample
202405081555_EB_dbgi_002719_01_01.mzML	dbgi_002719_01_01	sample
202405081555_EB_dbgi_002721_01_01.mzML	dbgi_002721_01_01	sample
202405081555_EB_dbgi_002726_01_01.mzML	dbgi_002726_01_01	sample
202405081555_EB_dbgi_002738_01_01.mzML	dbgi_002738_01_01	sample
202405081555_EB_dbgi_002742_01_01.mzML	dbgi_002742_01_01	sample
202405081555_EB_dbgi_002745_01_01.mzML	dbgi_002745_01_01	sample
202405081555_EB_dbgi_002746_01_01.mzML	dbgi_002746_01_01	sample
202405081555_EB_dbgi_002893_01_01.mzML	dbgi_002893_01_01	sample
202405081555_EB_dbgi_002909_01_01.mzML	dbgi_002909_01_01	sample
202405081555_EB_dbgi_002929_01_01.mzML	dbgi_002929_01_01	sample
202405081555_EB_dbgi_002934_01_01.mzML	dbgi_002934_01_01	sample
202405081555_EB_dbgi_002935_01_01.mzML	dbgi_002935_01_01	sample
202405081555_EB_dbgi_002954_01_01.mzML	dbgi_002954_01_01	sample
202405081555_EB_dbgi_002955_01_01.mzML	dbgi_002955_01_01	sample
202405081555_EB_dbgi_002960_01_01.mzML	dbgi_002960_01_01	sample
202405081555_EB_dbgi_002965_01_01.mzML	dbgi_002965_01_01	sample
202405081555_EB_dbgi_002971_01_01.mzML	dbgi_002971_01_01	sample
202405081555_EB_dbgi_002981_01_01.mzML	dbgi_002981_01_01	sample
202405081555_EB_dbgi_002988_01_01.mzML	dbgi_002988_01_01	sample
202405081555_EB_dbgi_002994_01_01.mzML	dbgi_002994_01_01	sample
202405081555_EB_dbgi_002995_01_01.mzML	dbgi_002995_01_01	sample
202405081555_EB_dbgi_002999_01_01.mzML	dbgi_002999_01_01	sample
202405081555_EB_dbgi_003000_01_01.mzML	dbgi_003000_01_01	sample
202405081555_EB_dbgi_003004_01_01.mzML	dbgi_003004_01_01	sample
202405081555_EB_dbgi_003005_01_01.mzML	dbgi_003005_01_01	sample
202405081555_EB_dbgi_003008_01_01.mzML	dbgi_003008_01_01	sample
202405081555_EB_dbgi_003009_01_01.mzML	dbgi_003009_01_01	sample
202405081555_EB_dbgi_003015_01_01.mzML	dbgi_003015_01_01	sample
202405081555_EB_dbgi_003018_01_01.mzML	dbgi_003018_01_01	sample
202405081555_EB_dbgi_003019_01_01.mzML	dbgi_003019_01_01	sample
202405081555_EB_dbgi_003020_01_01.mzML	dbgi_003020_01_01	sample
202405081555_EB_dbgi_003025_01_01.mzML	dbgi_003025_01_01	sample
202405081555_EB_dbgi_003026_01_01.mzML	dbgi_003026_01_01	sample
202405081555_EB_dbgi_003028_01_01.mzML	dbgi_003028_01_01	sample
202405081555_EB_dbgi_003031_01_01.mzML	dbgi_003031_01_01	sample
202405081555_EB_dbgi_003054_01_01.mzML	dbgi_003054_01_01	sample
202405081555_EB_dbgi_003055_01_01.mzML	dbgi_003055_01_01	sample
202405081555_EB_dbgi_003059_01_01.mzML	dbgi_003059_01_01	sample
202405081555_EB_dbgi_003060_01_01.mzML	dbgi_003060_01_01	sample
202405081555_EB_dbgi_003061_01_01.mzML	dbgi_003061_01_01	sample
202405081555_EB_dbgi_003065_01_01.mzML	dbgi_003065_01_01	sample
202405081555_EB_dbgi_003066_01_01.mzML	dbgi_003066_01_01	sample
202405081555_EB_dbgi_batch_blk_000001_01.mzML	dbgi_batch_blk_000001_01	blank
202405081555_EB_dbgi_batch_blk_000002_01.mzML	dbgi_batch_blk_000002_01	blank
202405081555_EB_dbgi_batch_blk_000003_01.mzML	dbgi_batch_blk_000003_01	blank
202405081555_EB_dbgi_batch_blk_000004_01.mzML	dbgi_batch_blk_000004_01	blank
202405171439_HC_dbgi_002762_01_01.mzML	dbgi_002762_01_01	sample
202405171439_HC_dbgi_002789_01_01.mzML	dbgi_002789_01_01	sample
202405171439_HC_dbgi_002826_01_01.mzML	dbgi_002826_01_01	sample
202405171439_HC_dbgi_002857_01_01.mzML	dbgi_002857_01_01	sample
202405171439_HC_dbgi_002863_01_01.mzML	dbgi_002863_01_01	sample
202405171439_HC_dbgi_002899_01_01.mzML	dbgi_002899_01_01	sample
202405171439_HC_dbgi_002914_01_01.mzML	dbgi_002914_01_01	sample
202405171439_HC_dbgi_003068_01_01.mzML	dbgi_003068_01_01	sample
202405171439_HC_dbgi_batch_blk_000009_01.mzML	dbgi_batch_blk_000009_01	blank
202405171439_HC_dbgi_batch_blk_000011_01.mzML	dbgi_batch_blk_000011_01	blank
202405241509_EB_dbgi_001043_01_01.mzML	dbgi_001043_01_01	sample
202405241509_EB_dbgi_001210_01_01.mzML	dbgi_001210_01_01	sample
202405241509_EB_dbgi_001755_01_01.mzML	dbgi_001755_01_01	sample
202405241509_EB_dbgi_001760_01_01.mzML	dbgi_001760_01_01	sample
202405241509_EB_dbgi_001769_01_01.mzML	dbgi_001769_01_01	sample
202405241509_EB_dbgi_001776_01_01.mzML	dbgi_001776_01_01	sample
202405241509_EB_dbgi_001782_01_01.mzML	dbgi_001782_01_01	sample
202405241509_EB_dbgi_001783_01_01.mzML	dbgi_001783_01_01	sample
202405241509_EB_dbgi_001787_01_01.mzML	dbgi_001787_01_01	sample
202405241509_EB_dbgi_001792_01_01.mzML	dbgi_001792_01_01	sample
202405241509_EB_dbgi_001796_01_01.mzML	dbgi_001796_01_01	sample
202405241509_EB_dbgi_001803_01_01.mzML	dbgi_001803_01_01	sample
202405241509_EB_dbgi_001808_01_01.mzML	dbgi_001808_01_01	sample
202405241509_EB_dbgi_001826_01_01.mzML	dbgi_001826_01_01	sample
202405241509_EB_dbgi_001871_01_01.mzML	dbgi_001871_01_01	sample
202405241509_EB_dbgi_001872_01_01.mzML	dbgi_001872_01_01	sample
202405241509_EB_dbgi_001877_01_01.mzML	dbgi_001877_01_01	sample
202405241509_EB_dbgi_001882_01_01.mzML	dbgi_001882_01_01	sample
202405241509_EB_dbgi_001891_01_01.mzML	dbgi_001891_01_01	sample
202405241509_EB_dbgi_002249_01_01.mzML	dbgi_002249_01_01	sample
202405241509_EB_dbgi_002269_01_01.mzML	dbgi_002269_01_01	sample
202405241509_EB_dbgi_002270_01_01.mzML	dbgi_002270_01_01	sample
202405241509_EB_dbgi_002285_01_01.mzML	dbgi_002285_01_01	sample
202405241509_EB_dbgi_002351_01_01.mzML	dbgi_002351_01_01	sample
202405241509_EB_dbgi_002414_01_01.mzML	dbgi_002414_01_01	sample
202405241509_EB_dbgi_002422_01_01.mzML	dbgi_002422_01_01	sample
202405241509_EB_dbgi_002428_01_01.mzML	dbgi_002428_01_01	sample
202405241509_EB_dbgi_002430_01_01.mzML	dbgi_002430_01_01	sample
202405241509_EB_dbgi_002434_01_01.mzML	dbgi_002434_01_01	sample
202405241509_EB_dbgi_002446_01_01.mzML	dbgi_002446_01_01	sample
202405241509_EB_dbgi_002455_01_01.mzML	dbgi_002455_01_01	sample
202405241509_EB_dbgi_002456_01_01.mzML	dbgi_002456_01_01	sample
202405241509_EB_dbgi_002459_01_01.mzML	dbgi_002459_01_01	sample
202405241509_EB_dbgi_002460_01_01.mzML	dbgi_002460_01_01	sample
202405241509_EB_dbgi_002463_01_01.mzML	dbgi_002463_01_01	sample
202405241509_EB_dbgi_002470_01_01.mzML	dbgi_002470_01_01	sample
202405241509_EB_dbgi_002471_01_01.mzML	dbgi_002471_01_01	sample
202405241509_EB_dbgi_002472_01_01.mzML	dbgi_002472_01_01	sample
202405241509_EB_dbgi_002477_01_01.mzML	dbgi_002477_01_01	sample
202405241509_EB_dbgi_002480_01_01.mzML	dbgi_002480_01_01	sample
202405241509_EB_dbgi_002488_01_01.mzML	dbgi_002488_01_01	sample
202405241509_EB_dbgi_002492_01_01.mzML	dbgi_002492_01_01	sample
202405241509_EB_dbgi_002499_01_01.mzML	dbgi_002499_01_01	sample
202405241509_EB_dbgi_002507_01_01.mzML	dbgi_002507_01_01	sample
202405241509_EB_dbgi_002513_01_01.mzML	dbgi_002513_01_01	sample
202405241509_EB_dbgi_002514_01_01.mzML	dbgi_002514_01_01	sample
202405241509_EB_dbgi_002515_01_01.mzML	dbgi_002515_01_01	sample
202405241509_EB_dbgi_002520_01_01.mzML	dbgi_002520_01_01	sample
202405241509_EB_dbgi_002522_01_01.mzML	dbgi_002522_01_01	sample
202405241509_EB_dbgi_002524_01_01.mzML	dbgi_002524_01_01	sample
202405241509_EB_dbgi_002528_01_01.mzML	dbgi_002528_01_01	sample
202405241509_EB_dbgi_002529_01_01.mzML	dbgi_002529_01_01	sample
202405241509_EB_dbgi_002531_01_01.mzML	dbgi_002531_01_01	sample
202405241509_EB_dbgi_002533_01_01.mzML	dbgi_002533_01_01	sample
202405241509_EB_dbgi_002535_01_01.mzML	dbgi_002535_01_01	sample
202405241509_EB_dbgi_002537_01_01.mzML	dbgi_002537_01_01	sample
202405241509_EB_dbgi_002541_01_01.mzML	dbgi_002541_01_01	sample
202405241509_EB_dbgi_002550_01_01.mzML	dbgi_002550_01_01	sample
202405241509_EB_dbgi_002564_01_01.mzML	dbgi_002564_01_01	sample
202405241509_EB_dbgi_002569_01_01.mzML	dbgi_002569_01_01	sample
202405241509_EB_dbgi_002576_01_01.mzML	dbgi_002576_01_01	sample
202405241509_EB_dbgi_002578_01_01.mzML	dbgi_002578_01_01	sample
202405241509_EB_dbgi_002583_01_01.mzML	dbgi_002583_01_01	sample
202405241509_EB_dbgi_002591_01_01.mzML	dbgi_002591_01_01	sample
202405241509_EB_dbgi_002595_01_01.mzML	dbgi_002595_01_01	sample
202405241509_EB_dbgi_002605_01_01.mzML	dbgi_002605_01_01	sample
202405241509_EB_dbgi_002611_01_01.mzML	dbgi_002611_01_01	sample
202405241509_EB_dbgi_002616_01_01.mzML	dbgi_002616_01_01	sample
202405241509_EB_dbgi_002620_01_01.mzML	dbgi_002620_01_01	sample
202405241509_EB_dbgi_002703_01_01.mzML	dbgi_002703_01_01	sample
202405241509_EB_dbgi_002707_01_01.mzML	dbgi_002707_01_01	sample
202405241509_EB_dbgi_002709_01_01.mzML	dbgi_002709_01_01	sample
202405241509_EB_dbgi_002710_01_01.mzML	dbgi_002710_01_01	sample
202405241509_EB_dbgi_002711_01_01.mzML	dbgi_002711_01_01	sample
202405241509_EB_dbgi_002712_01_01.mzML	dbgi_002712_01_01	sample
202405241509_EB_dbgi_002714_01_01.mzML	dbgi_002714_01_01	sample
202405241509_EB_dbgi_002730_01_01.mzML	dbgi_002730_01_01	sample
202405241509_EB_dbgi_002736_01_01.mzML	dbgi_002736_01_01	sample
202405241509_EB_dbgi_002737_01_01.mzML	dbgi_002737_01_01	sample
202405241509_EB_dbgi_002744_01_01.mzML	dbgi_002744_01_01	sample
202405241509_EB_dbgi_batch_blk_000012_01.mzML	dbgi_batch_blk_000012_01	blank